n,date,session,bean,grind,dose,yield,estimated,time,taste,drink,notes,dialed
1,2026-09-23,First pulls,Hill of Beans Rockbrook Espresso,15,18,36,True,,,,First ever pull,
2,2026-09-23,First pulls,Hill of Beans Rockbrook Espresso,15,18,36,True,,,,,
3,2026-09-24,,Hill of Beans India Monsooned Malabar,12,18,36,True,,,,Grind dropped 15 → 12,
4,2026-09-24,,Hill of Beans India Monsooned Malabar,12,18,36,True,,,,,
5,2026-09-26,,Hill of Beans Rockbrook Espresso,12,18,36,True,,,,,
6,2026-09-26,,Hill of Beans Rockbrook Espresso,12,18,36,True,,,,,
7,2026-09-26,Mocha test,Stories Espresso Blend,12,18,36,True,,,Mocha · Ghirardelli 60%,Chocolate test #1 — mocha verdict: balanced,
8,2026-09-26,Mocha test,Stories Espresso Blend,12,18,36,True,,,Mocha · Ghirardelli 60%,,
9,2026-09-27,Afternoon,Hill of Beans India Monsooned Malabar,12,18,40,False,,,Latte · 4oz half and half,"Overshot, stopped at 40g; not timed. Tasted fine in milk.",
10,2026-09-27,Evening,Hill of Beans Rockbrook Espresso,12,18,34.7,False,27,Balanced,"Mocha · half and half + 1oz Ghirardelli 60%, 6oz total","First drip ~2s, gradual climb, peak ~3 g/s near end. Scale total 34.7g / 27.0s.",
11,2026-09-27,Evening,Hill of Beans Rockbrook Espresso,12,18,37,False,31,Balanced,"Mocha · half and half + 1oz Ghirardelli 60%, 6oz total","First drip ~6s, steeper ramp to ~3.5 g/s, spike before shutoff. Scale total 37.0g / 31.4s. Next: try grind 11.",18g → 36g · grind 12 · ~25s
12,2026-09-28,Evening · grind 11 test,Stories Colombia (roasted 8/12),11,18,36.1,False,33,Slightly bitter · least favorite drink so far,Cappuccino attempt · whole milk steamed to ~150°F,"First drip ~3.5s, flow stayed low (~1 g/s) until ~14s, peaked ~2.5 g/s. Flattest curve yet. Pump off ~29s.",
13,2026-09-28,Evening · grind 11 test,Stories Colombia (roasted 8/12),11,18,37.5,False,29,Slightly bitter · least favorite drink so far,Cappuccino attempt · whole milk steamed to ~150°F,"First drip ~8s, flow climbed to ~3.5 g/s by ~21s, pump off ~25s; 1.5g overshoot. Pulled after steaming shot 1's milk (boiler overheated), same shot-2 pattern as 9/27. Foam sat on top as a separate white dome instead of blending in.",
14,2026-09-29,"Evening · grind 11, both shots before steaming",Hill of Beans Rockbrook Espresso,11,18,35.2,False,34.8,Bitter (Kayla; she prefers sweeter),,"Slow trickle from ~5s, smooth ramp, peak ~2.5 g/s, no spike. Near-identical to #15.",
15,2026-09-29,"Evening · grind 11, both shots before steaming",Hill of Beans Rockbrook Espresso,11,18,34.8,False,34.6,Bitter (Kayla; she prefers sweeter),,Matches #14 within 0.4g / 0.2s. Pulling both shots before steaming removed the shot-2 swing. ~35s ran long and Kayla found it bitter. Next: 11.5 tonight; 12 to 12.5 if still bitter.,Rockbrook: 11 too fine for their taste; testing 11.5 to 12
16,2026-09-30,Evening · grind 11.5,Hill of Beans Rockbrook Espresso,11.5,18,35.9,False,27.3,,Latte · whole milk,"First drip ~3s, steady climb, plateau ~2.2 g/s. In target range.",
17,2026-09-30,Evening · grind 11.5,Hill of Beans Rockbrook Espresso,11.5,18,36.6,False,31.1,About right,Latte · whole milk,"First drip ~5s, ~4s slower than #16 but same shape, no spike. Both shots inside 27 to 32s. Latte art undefined: pattern washed into the foam. Next: back to grind 12 to compare with a more trained palate.",Rockbrook: 18g → 36g · grind 11.5 · 27 to 31s (candidate)
18,2026-10-01,Evening · grind 12,Hill of Beans Rockbrook Espresso,12,18,34.7,False,29.4,"Balanced · creamy, near-chocolate",Straight espresso,"Grind 12 confirmed. Flow ramp smooth, ~1.2 g/s avg, settled near 2 g/s late. Stopped ~1.3g short of 36g target.",
19,2026-10-01,Evening · grind 12,Hill of Beans Rockbrook Espresso,12,18,34.8,False,30.9,"Balanced · creamy, near-chocolate",Straight espresso,"Grind 12 confirmed. First drip ~3s, ~1.5s slower than #18, near-identical curve. Back-to-back consistency: 0.1g and 1.5s apart. Ratio ~1:1.9, slightly short of 1:2. Pleasant straight: slightly creamier texture than 11.5, almost chocolate tones. Grind 12 set as Rockbrook dial-in; 12.5 test next.",Rockbrook: 18g → 36g · grind 12 · 29 to 31s
20,2026-10-01,After dinner · grind 12.5,Hill of Beans Rockbrook Espresso,12.5,18,35.9,False,22.9,Worse than 12 · chocolate notes gone,Not noted,"Grind 12.5 confirmed (both evening-2 shots at 12.5, one each for Jamey and Kayla). Fastest Rockbrook pull yet: early flow spike ~2.5 g/s at first drip, avg 1.6 g/s. Yield on target (35.5g stop worked).",
21,2026-10-01,After dinner · grind 12.5,Hill of Beans Rockbrook Espresso,12.5,18,36.5,False,25.6,Worse than 12 · chocolate notes gone,Not noted,"Grind 12.5 confirmed. 2.7s slower than #20, smoother early flow, avg 1.4 g/s. 12.5 averages ~24s vs ~30s at 12: half a step = ~6s, below the 27-32s window. Tasted worse than 12, lost the chocolate notes. Verdict: grind 12 is the Rockbrook setting; 12.5 retired.",Rockbrook: 18g → 36g · grind 12 · 29 to 31s (confirmed vs 12.5)
